name_rus,type,rarity,source,source_name
Волшебная палочка опутывания,волшебная палочка,uncommon,TftYP,Байки из Зияющего Портала
Волшебная палочка паутины,волшебная палочка,uncommon,DMG,Руководство мастера
Волшебная палочка секретов,волшебная палочка,uncommon,DMG,Руководство мастера
Волшебная палочка снарядов,волшебная палочка,uncommon,DMG,Руководство мастера
Графин бесконечной воды,чудесный предмет,uncommon,DMG,Руководство мастера
Грозовой бумеранг,дальнобойное оружие,uncommon,PotA,Принцы апокалипсиса
Дальний ветер,рукопашное оружие,uncommon,LPZAE,Потерянные страницы Занатара обо всем
Дорожный алхимический набор,чудесный предмет,uncommon,AI,Корпорация приобретений
Доспех грибковых спор,доспех,uncommon,BMT,Книга многих вещей
Доспех из змеиной чешуи,доспех,uncommon,CM,Тайны Кэндлкипа
Доспех моряка,доспех,uncommon,DMG,Руководство мастера
Доспехи невесомости,доспех,uncommon,BMT,Книга многих вещей
Доспехи непринужденности,доспех,uncommon,LPZAE,Потерянные страницы Занатара обо всем
Доспехи падшего,доспех,uncommon,BMT,Книга многих вещей
Драгоценный камень баснописца,чудесный предмет,uncommon,BMT,Книга многих вещей
Дротик-искатель,дальнобойное оружие,uncommon,PotA,Принцы апокалипсиса
Дымовой порох,чудесный предмет,uncommon,WDH,Глубоководье: Драконий Куш
Жезл Меркуриальной Формы,жезл,uncommon,TDCS,Сеттинг кампании Тал`Дорей
Жезл возмездия,чудесный предмет,uncommon,EGtW,Путеводитель исследователя по Дикогорью
Жезл хранителя договора +1,жезл,uncommon,DMG,Руководство мастера
Железная коробка сжимания,чудесный предмет,uncommon,LPZAE,Потерянные страницы Занатара обо всем
Железная сеть,рукопашное оружие,uncommon,LPZAE,Потерянные страницы Занатара обо всем
Жемчужина силы,чудесный предмет,uncommon,DMG,Руководство мастера
Живые перчатки,чудесный предмет,uncommon,ERLW,Эберрон. Из пепла Последней войны
Заполярные сапоги,чудесный предмет,uncommon,DMG,Руководство мастера
Звёздная модель Дикого космоса,чудесный предмет,uncommon,AAG,Руководство астрального приключенца
Зелье большого лечения,зелье,uncommon,DMG,Руководство мастера
Зелье дружбы с животными,зелье,uncommon,DMG,Руководство мастера
Зелье многоцветности,зелье,uncommon,DitLCoT,Спуск в Затерянные пещеры Цойканта
Зелье огненного дыхания,зелье,uncommon,DMG,Руководство мастера
Зелье подводного дыхания,зелье,uncommon,DMG,Руководство мастера
Зелье преимущества,зелье,uncommon,WBtW,Чащоба за Ведьминым светом
Зелье псионической стойкости,зелье,uncommon,PaBTSO,Фандельвер и Подземье: Разрушенный обелиск
Зелье силы холмового великана,зелье,uncommon,DMG,Руководство мастера
Зелье сопротивления,зелье,uncommon,DMG,Руководство мастера
Зелье сопротивления звуку,зелье,uncommon,DMG,Руководство мастера
Зелье сопротивления излучению,зелье,uncommon,DMG,Руководство мастера
Зелье сопротивления кислоте,зелье,uncommon,DMG,Руководство мастера
Зелье сопротивления некротической энергии,зелье,uncommon,DMG,Руководство мастера
Зелье сопротивления огню,зелье,uncommon,DMG,Руководство мастера
Зелье сопротивления психической энергии,зелье,uncommon,DMG,Руководство мастера
Зелье сопротивления силовому полю,зелье,uncommon,DMG,Руководство мастера
Зелье сопротивления холоду,зелье,uncommon,DMG,Руководство мастера
Зелье сопротивления электричеству,зелье,uncommon,DMG,Руководство мастера
Зелье сопротивления яду,зелье,uncommon,DMG,Руководство мастера
Зелье увеличения,зелье,uncommon,DMG,Руководство мастера
Зелье яда,зелье,uncommon,DMG,Руководство мастера
Зовущий в ночи,чудесный предмет,uncommon,TftYP,Байки из Зияющего Портала
Изумрудное перо,чудесный предмет,uncommon,FTD,Сокровищница драконов Фицбана
"Инструмент бардов, бандура Фоклучан",чудесный предмет,uncommon,DMG,Руководство мастера
"Инструмент бардов, лютня Досс",чудесный предмет,uncommon,DMG,Руководство мастера
"Инструмент бардов, цитра мак-Фуирмид",чудесный предмет,uncommon,DMG,Руководство мастера
Инфернальная головоломка,чудесный предмет,uncommon,BGDIA,Врата Балдура: Нисхождение в Авернус
Камень неудачи,чудесный предмет,uncommon,TftYP,Байки из Зияющего Портала
Камень послания,чудесный предмет,uncommon,AI,Корпорация приобретений
Камень сияния,чудесный предмет,uncommon,DMG,Руководство мастера
Камень удачи,чудесный предмет,uncommon,DMG,Руководство мастера
Камень элементаля,чудесный предмет,uncommon,DMG,Руководство мастера
Камзол предателя,чудесный предмет,uncommon,LPZAE,Потерянные страницы Занатара обо всем
Камни послания,чудесный предмет,uncommon,DMG,Руководство мастера
Карточный домик,чудесный предмет,uncommon,BMT,Книга многих вещей
Кастеты «Звенящий кулак»,рукопашное оружие,uncommon,tP,Рукобоец
Кинжал длинной тени,рукопашное оружие,uncommon,LPZAE,Потерянные страницы Занатара обо всем
Колода всякой всячины,чудесный предмет,uncommon,BMT,Книга многих вещей
Колода иллюзий,чудесный предмет,uncommon,DMG,Руководство мастера
Колода карточного шулера,чудесный предмет,uncommon,BMT,Книга многих вещей
Колода чудес,чудесный предмет,uncommon,BMT,Книга многих вещей
Колчан Элонны,чудесный предмет,uncommon,DMG,Руководство мастера
Кольцо затуманивания,кольцо,uncommon,EGtW,Путеводитель исследователя по Дикогорью
Кольцо защиты разума,кольцо,uncommon,DMG,Руководство мастера
Кольцо остроумия Головоломщика,чудесный предмет,uncommon,BMT,Книга многих вещей
Кольцо плавания,кольцо,uncommon,DMG,Руководство мастера
Кольцо правды,кольцо,uncommon,WDH,Глубоководье: Драконий Куш
Кольцо прыжков,кольцо,uncommon,DMG,Руководство мастера
Кольцо тепла,кольцо,uncommon,DMG,Руководство мастера
Кольцо хождения по воде,кольцо,uncommon,DMG,Руководство мастера
Коричневая сумка фокусов,чудесный предмет,uncommon,DMG,Руководство мастера
Коррозионный порошок,чудесный предмет,uncommon,WBtW,Чащоба за Ведьминым светом
Кровавое копьё,рукопашное оружие,uncommon,COS,Проклятье Страда
Крылатые боеприпасы,аммуниция,uncommon,BMT,Книга многих вещей
Крылатые сапоги,чудесный предмет,uncommon,DMG,Руководство мастера
Кубок красок,чудесный предмет,uncommon,SE,Столкновения в Солтмаре
Латы Рыцарского Братства,доспех,uncommon,BMT,Книга многих вещей
Линзы риск-менеджера (2-ой ранг),чудесный предмет,uncommon,AI,Корпорация приобретений
Лунный серп +1,рукопашное оружие,uncommon,TCE,Котел Таши со всякой всячиной
Любовное зелье,зелье,uncommon,DMG,Руководство мастера
Магический гримуар +1,чудесный предмет,uncommon,TCE,Котел Таши со всякой всячиной
Мазь Кеогтома,чудесный предмет,uncommon,DMG,Руководство мастера
Мантия полезных предметов,чудесный предмет,uncommon,DMG,Руководство мастера
Мантия природы,чудесный предмет,uncommon,TCE,Котел Таши со всякой всячиной
Маска зверя,чудесный предмет,uncommon,TOA,Гробница Аннигиляции
Масло скольжения,зелье,uncommon,DMG,Руководство мастера
Медальон затягивающихся ран,чудесный предмет,uncommon,DMG,Руководство мастера
Медальон здоровья,чудесный предмет,uncommon,DMG,Руководство мастера
Медальон мыслей,чудесный предмет,uncommon,DMG,Руководство мастера
Метательное копьё молнии,дальнобойное оружие,uncommon,DMG,Руководство мастера
Меха ветров,чудесный предмет,uncommon,SE,Столкновения в Солтмаре
Меч Мести,рукопашное оружие,uncommon,DMG,Руководство мастера
Миззиевый аппарат,чудесный предмет,uncommon,GGR,Справочник гильдмастера по Равнике
Мифрильная кольчужная рубаха Ванрака,доспех,uncommon,WDMM,Глубоководье: Подземелье безумного мага
Мифрильный доспех,доспех,uncommon,DMG,Руководство мастера
Монета души,чудесный предмет,uncommon,BGDIA,Врата Балдура: Нисхождение в Авернус
Монета лёгкой жизни,чудесный предмет,uncommon,tP,Рукобоец
Монета принятия решений (3-ий ранг),чудесный предмет,uncommon,AI,Корпорация приобретений
Монеты души,чудесный предмет,uncommon,CoA,Цепи Асмодея
Наручи стрельбы из лука,чудесный предмет,uncommon,DMG,Руководство мастера
Неподвижный жезл,жезл,uncommon,DMG,Руководство мастера
Ножной браслет хождения,чудесный предмет,uncommon,SE,Столкновения в Солтмаре
Ночные очки,чудесный предмет,uncommon,DMG,Руководство мастера
Обгоревшая волшебная палочка снарядов,волшебная палочка,uncommon,WDH,Глубоководье: Драконий Куш
Обезьяний пояс,чудесный предмет,uncommon,LPZAE,Потерянные страницы Занатара обо всем
Обруч сжигания,чудесный предмет,uncommon,DMG,Руководство мастера
Огненное копье,рукопашное оружие,uncommon,DoDk,Подземелья Драккенхайма
Ожерелье адаптации,чудесный предмет,uncommon,DMG,Руководство мастера
Орочий камень,чудесный предмет,uncommon,IDRotF,Долина Ледяного Ветра: Иней Морозной девы
Оружие +1,оружие,uncommon,DMG,Руководство мастера
Оружие драконьего гнева (необычное),оружие,uncommon,FTD,Сокровищница драконов Фицбана
Оружие предупреждения,оружие,uncommon,DMG,Руководство мастера
Осколок Страны Фей,чудесный предмет,uncommon,TCE,Котел Таши со всякой всячиной
Очищающий жезл,жезл,uncommon,DoDk,Подземелья Драккенхайма
Очки Искателя,чудесный предмет,uncommon,ERLW,Эберрон. Из пепла Последней войны
Очки детального зрения,чудесный предмет,uncommon,DMG,Руководство мастера
Очки орлиного зрения,чудесный предмет,uncommon,DMG,Руководство мастера
Очки очарования,чудесный предмет,uncommon,DMG,Руководство мастера
Очки распознавания объектов,чудесный предмет,uncommon,EGtW,Путеводитель исследователя по Дикогорью
Палочка пронзательных заклинаний,волшебная палочка,uncommon,DoDk,Подземелья Драккенхайма
Панацея,зелье,uncommon,VSoS,Шпиль тайн Вальды
Панцирный доспех разума,доспех,uncommon,VGM,Справочник Воло по монстрам
Парящая сфера,чудесный предмет,uncommon,DMG,Руководство мастера
Пергамент воспоминаний,чудесный предмет,uncommon,LPZAE,Потерянные страницы Занатара обо всем
Перчатки воровства,чудесный предмет,uncommon,DMG,Руководство мастера
Перчатки ловли снарядов,чудесный предмет,uncommon,DMG,Руководство мастера
Перчатки плавания и лазания,чудесный предмет,uncommon,DMG,Руководство мастера
Перьевая ручка,чудесный предмет,uncommon,LPZAE,Потерянные страницы Занатара обо всем
Печатка гильдии Азориус,кольцо,uncommon,GGR,Справочник гильдмастера по Равнике
Печатка гильдии Бороса,кольцо,uncommon,GGR,Справочник гильдмастера по Равнике
Печатка гильдии Голгари,кольцо,uncommon,GGR,Справочник гильдмастера по Равнике
Печатка гильдии Груул,кольцо,uncommon,GGR,Справочник гильдмастера по Равнике
Печатка гильдии Димир,кольцо,uncommon,GGR,Справочник гильдмастера по Равнике
Печатка гильдии Иззет,кольцо,uncommon,GGR,Справочник гильдмастера по Равнике
Печатка гильдии Орзова,кольцо,uncommon,GGR,Справочник гильдмастера по Равнике
Печатка гильдии Ракдоса,кольцо,uncommon,GGR,Справочник гильдмастера по Равнике
Печатка гильдии Селезнии,кольцо,uncommon,GGR,Справочник гильдмастера по Равнике
Печатка гильдии Симиков,кольцо,uncommon,GGR,Справочник гильдмастера по Равнике
Пивафви (эльфийский плащ),чудесный предмет,uncommon,OotA,Из Бездны
Пирослияние,чудесный предмет,uncommon,GGR,Справочник гильдмастера по Равнике
Плащ защиты,чудесный предмет,uncommon,DMG,Руководство мастера
Плащ ската,чудесный предмет,uncommon,DMG,Руководство мастера
Повязка интеллекта,чудесный предмет,uncommon,DMG,Руководство мастера
Полётное одеяние,чудесный предмет,uncommon,PotA,Принцы апокалипсиса
Помело полёта,чудесный предмет,uncommon,DMG,Руководство мастера
Порошок исчезновения,чудесный предмет,uncommon,DMG,Руководство мастера
Порошок наслаждения,чудесный предмет,uncommon,EGtW,Путеводитель исследователя по Дикогорью
Порошок сухости,чудесный предмет,uncommon,DMG,Руководство мастера
Порошок чихания и удушья,чудесный предмет,uncommon,DMG,Руководство мастера
Портальный компас,чудесный предмет,uncommon,SatO,Сигил и Внешние Земли
Портфель c документами  (3-ий ранг),чудесный предмет,uncommon,AI,Корпорация приобретений
Посох гадюки,посох,uncommon,DMG,Руководство мастера
Посох питона,посох,uncommon,DMG,Руководство мастера
"Посох, ослепляющий небеса",посох,uncommon,GGR,Справочник гильдмастера по Равнике
Пояс из драконьей кожи +1,чудесный предмет,uncommon,FTD,Сокровищница драконов Фицбана
Праща ниспровержения великанов,дальнобойное оружие,uncommon,BMT,Книга многих вещей
Проклятый камень удачи,чудесный предмет,uncommon,GOS,Призарки Солтмарша
Противоядие крови ликантропа,зелье,uncommon,IMR,Воссоздание адской машины
Противоядие пыли мумии,зелье,uncommon,IMR,Воссоздание адской машины
Противоядие фессалтоксин,зелье,uncommon,IMR,Воссоздание адской машины
Пси-кристалл,чудесный предмет,uncommon,IDRotF,Долина Ледяного Ветра: Иней Морозной девы
Пыльца пикси,чудесный предмет,uncommon,WBtW,Чащоба за Ведьминым светом
Разрушающее остриё,рукопашное оружие,uncommon,TftYP,Байки из Зияющего Портала
Рассекатель,рукопашное оружие,uncommon,PaBTSO,Фандельвер и Подземье: Разрушенный обелиск
Реззур,рукопашное оружие,uncommon,PotA,Принцы апокалипсиса
Роба змиев,чудесный предмет,uncommon,SKT,Гром Штормового Короля
Рукавицы силы огра,чудесный предмет,uncommon,DMG,Руководство мастера
Рунный ключ Ракдоса,чудесный предмет,uncommon,GGR,Справочник гильдмастера по Равнике
Рунный ключ Симиков,чудесный предмет,uncommon,GGR,Справочник гильдмастера по Равнике
Рыжая сумка фокусов,чудесный предмет,uncommon,DMG,Руководство мастера
Рюкзак с аэростатом,чудесный предмет,uncommon,PotA,Принцы апокалипсиса
Сапоги бдительности,чудесный предмет,uncommon,TDCS,Сеттинг кампании Тал`Дорей
Сапоги ходьбы и прыжков,чудесный предмет,uncommon,DMG,Руководство мастера
Светоносная,рукопашное оружие,uncommon,PaBTSO,Фандельвер и Подземье: Разрушенный обелиск
Свирель канализации,чудесный предмет,uncommon,DMG,Руководство мастера
Свирель ужаса,чудесный предмет,uncommon,DMG,Руководство мастера
Свиток заклинания (2 уровень),свиток,uncommon,DMG,Руководство мастера
Свиток заклинания (3 уровень),свиток,uncommon,DMG,Руководство мастера
Сгущенный порядок,чудесный предмет,uncommon,CoA,Цепи Асмодея
Седло кавалериста,чудесный предмет,uncommon,DMG,Руководство мастера
Секира кровавой ярости,рукопашное оружие,uncommon,BMT,Книга многих вещей
Сенсорный камень,чудесный предмет,uncommon,SatO,Сигил и Внешние Земли
Серая сумка фокусов,чудесный предмет,uncommon,DMG,Руководство мастера
Скуби-снэк,зелье,uncommon,tP,Рукобоец
Сосуд шепотов  (2-ой ранг),чудесный предмет,uncommon,AI,Корпорация приобретений
Соус саламандры,зелье,uncommon,tP,Рукобоец
Справочник старшего картографа,чудесный предмет,uncommon,AI,Корпорация приобретений
Статуэтка чудесной силы: Серебряный ворон,чудесный предмет,uncommon,DMG,Руководство мастера
Сумка хранения,чудесный предмет,uncommon,DMG,Руководство мастера
Сушеная пиявка,аммуниция,uncommon,BMT,Книга многих вещей
Татуировка жутких когтей,чудесный предмет,uncommon,TCE,Котел Таши со всякой всячиной
Татуировка защиты (необычная),чудесный предмет,uncommon,TCE,Котел Таши со всякой всячиной
Татуировка обвивающей хватки,чудесный предмет,uncommon,TCE,Котел Таши со всякой всячиной
Трезубец командования рыбами,рукопашное оружие,uncommon,DMG,Руководство мастера
Трутница альфонса,чудесный предмет,uncommon,WSG,Руководство по выживанию в дикой местности
Туфли паука,чудесный предмет,uncommon,DMG,Руководство мастера
Тёмный укус зимы,рукопашное оружие,uncommon,HftT,Охота на Фессалгидру
Укус Харкона,чудесный предмет,uncommon,VRGR,Руководство ван Рихтена по Равенлофту
Укус зимы,рукопашное оружие,uncommon,tP,Рукобоец
Улучшенная магическая фокусировка,чудесный предмет,uncommon,TCE,Котел Таши со всякой всячиной
Универсальный инструмент +1,чудесный предмет,uncommon,TCE,Котел Таши со всякой всячиной
Ушной червь,чудесный предмет,uncommon,ERLW,Эберрон. Из пепла Последней войны
Фиал с кровью +1,чудесный предмет,uncommon,TCE,Котел Таши со всякой всячиной
Фигура стража,чудесный предмет,uncommon,WSG,Руководство по выживанию в дикой местности
Фокусировка затронутая драконом (необычная),чудесный предмет,uncommon,FTD,Сокровищница драконов Фицбана
Фонарь обнаружения,чудесный предмет,uncommon,DMG,Руководство мастера
Хитиновая броня,доспех,uncommon,SE,Столкновения в Солтмаре
"Чароткань, необычная",чудесный предмет,uncommon,ERLW,Эберрон. Из пепла Последней войны
Чехол звуков,чудесный предмет,uncommon,LPZAE,Потерянные страницы Занатара обо всем
Шапка маскировки,чудесный предмет,uncommon,DMG,Руководство мастера
Шапка подводного дыхания,чудесный предмет,uncommon,DMG,Руководство мастера
Шлем подводных действий,чудесный предмет,uncommon,GOS,Призарки Солтмарша
Шлем понимания языков,чудесный предмет,uncommon,DMG,Руководство мастера
Шлем телепатии,чудесный предмет,uncommon,DMG,Руководство мастера
Шлем-пропеллер,чудесный предмет,uncommon,WDMM,Глубоководье: Подземелье безумного мага
Шпионская муха,чудесный предмет,uncommon,LPZAE,Потерянные страницы Занатара обо всем
Шпионский шёпот,чудесный предмет,uncommon,GGR,Справочник гильдмастера по Равнике
Штурвал ветра и воды,чудесный предмет,uncommon,ERLW,Эберрон. Из пепла Последней войны
Щит +1,щит,uncommon,DMG,Руководство мастера
Щит из небесного металла,щит,uncommon,DoDk,Подземелья Драккенхайма
Щит часового,щит,uncommon,DMG,Руководство мастера
Щит черепахи,щит,uncommon,BMT,Книга многих вещей
Щит-бумеранг,щит,uncommon,BMT,Книга многих вещей
Эльфийская сторожевая башня,чудесный предмет,uncommon,WSG,Руководство по выживанию в дикой местности
Эльфийские сапоги,чудесный предмет,uncommon,DMG,Руководство мастера
Эльфийский плащ,чудесный предмет,uncommon,DMG,Руководство мастера
Эмблема когтей,чудесный предмет,uncommon,HotDQ,Клад Королевы Драконов
Эмблема стража,чудесный предмет,uncommon,TCE,Котел Таши со всякой всячиной
Эхо-камень,чудесный предмет,uncommon,TDCS,Сеттинг кампании Тал`Дорей
Якорь мореходства,чудесный предмет,uncommon,SE,Столкновения в Солтмаре
Азотная кислота,зелье,rare,VSoS,Шпиль тайн Вальды
Алхимический компендиум,чудесный предмет,rare,TCE,Котел Таши со всякой всячиной
Амулет Внешнего вида,чудесный предмет,rare,CoA,Цепи Асмодея
Амулет Щитостража,чудесный предмет,rare,IDRotF,Долина Ледяного Ветра: Иней Морозной девы
Амулет благочестия +2,чудесный предмет,rare,TCE,Котел Таши со всякой всячиной
Амулет защиты от превращения,чудесный предмет,rare,TftYP,Байки из Зияющего Портала
Амулет здоровья,чудесный предмет,rare,DMG,Руководство мастера
Амулет командования растениями,чудесный предмет,rare,GOS,Призарки Солтмарша
Арбалет звёздострел,дальнобойное оружие,rare,BMT,Книга многих вещей
Астральный осколок,чудесный предмет,rare,TCE,Котел Таши со всякой всячиной
Астрологический архив,чудесный предмет,rare,TCE,Котел Таши со всякой всячиной
Атлас бесконечных горизонтов,чудесный предмет,rare,TCE,Котел Таши со всякой всячиной
Барабан задающего ритм +2,чудесный предмет,rare,TCE,Котел Таши со всякой всячиной
Бедренная кость святой Марковии,рукопашное оружие,rare,COS,Проклятье Страда
Бесконечный колчан,чудесный предмет,rare,WSG,Руководство по выживанию в дикой местности
Боевой рог доблести,чудесный предмет,rare,BGG,Бигби представляет: Триумф великанов
Боеприпас +2,аммуниция,rare,DMG,Руководство мастера
Букварь Ткача Сердец,чудесный предмет,rare,TCE,Котел Таши со всякой всячиной
Булава кары,рукопашное оружие,rare,DMG,Руководство мастера
Булава распада,рукопашное оружие,rare,DMG,Руководство мастера
Булава ужаса,рукопашное оружие,rare,DMG,Руководство мастера
Бусина силы,чудесный предмет,rare,DMG,Руководство мастера
Бутыка для распознавания напитков,чудесный предмет,rare,tP,Рукобоец
Бутыль со слизью,зелье,rare,VSoS,Шпиль тайн Вальды
Вентилируемые лёгкие,чудесный предмет,rare,ERLW,Эберрон. Из пепла Последней войны
Верёвка захвата,рукопашное оружие,rare,LPZAE,Потерянные страницы Занатара обо всем
Верёвка опутывания,чудесный предмет,rare,DMG,Руководство мастера
Ветвь с колокольчиками,чудесный предмет,rare,TCE,Котел Таши со всякой всячиной
Вода Очищения,зелье,rare,DoDk,Подземелья Драккенхайма
Волшебная палочка боевого мага +2,волшебная палочка,rare,DMG,Руководство мастера
Волшебная палочка зимы,волшебная палочка,rare,HotDQ,Клад Королевы Драконов
Волшебная палочка молний,волшебная палочка,rare,DMG,Руководство мастера
Волшебная палочка обнаружения врагов,волшебная палочка,rare,DMG,Руководство мастера
Волшебная палочка огненных шаров,волшебная палочка,rare,DMG,Руководство мастера
Волшебная палочка паралича,волшебная палочка,rare,DMG,Руководство мастера
Волшебная палочка сковывания,волшебная палочка,rare,DMG,Руководство мастера
Волшебная палочка страха,волшебная палочка,rare,DMG,Руководство мастера
Волшебная палочка чудес,волшебная палочка,rare,DMG,Руководство мастера
Вопящие поножи,чудесный предмет,rare,BMT,Книга многих вещей
Герб канцлера,чудесный предмет,rare,DoDk,Подземелья Драккенхайма
Глазная повязка пройдохи,чудесный предмет,rare,WDH,Глубоководье: Драконий Куш
Говорящий с камнями кристалл,чудесный предмет,rare,OotA,Из Бездны
Гремящий трактат,чудесный предмет,rare,TCE,Котел Таши со всякой всячиной
Гроза свежевателей,рукопашное оружие,rare,PaBTSO,Фандельвер и Подземье: Разрушенный обелиск
Грузный камень,чудесный предмет,rare,TftYP,Байки из Зияющего Портала
Двойственная рукопись,чудесный предмет,rare,TCE,Котел Таши со всякой всячиной
Делериумная вода,зелье,rare,DoDk,Подземелья Драккенхайма
Демоническая кожа,доспех,rare,DitLCoT,Спуск в Затерянные пещеры Цойканта
Додекаэдр судьбы,чудесный предмет,rare,WDMM,Глубоководье: Подземелье безумного мага
Доспех +1,доспех,rare,DMG,Руководство мастера
Доспех Зефира,доспех,rare,BGG,Бигби представляет: Триумф великанов
Доспех скорпиона,доспех,rare,TOA,Гробница Аннигиляции
Доспех сопротивления,доспех,rare,DMG,Руководство мастера
Доспех странника пустоты,доспех,rare,BMT,Книга многих вещей
Доспех уязвимости,доспех,rare,DMG,Руководство мастера
Доспехи мрака,доспех,rare,BMT,Книга многих вещей
Доспехи фей,доспех,rare,BMT,Книга многих вещей
Доцент,чудесный предмет,rare,ERLW,Эберрон. Из пепла Последней войны
Драконий страж,доспех,rare,PaBTSO,Фандельвер и Подземье: Разрушенный обелиск
Жаровня командования огненными элементалями,чудесный предмет,rare,DMG,Руководство мастера
Жезл Вониндода,жезл,rare,SKT,Гром Штормового Короля
Жезл вязких шаров,жезл,rare,OotA,Из Бездны
Жезл правления,жезл,rare,DMG,Руководство мастера
Жезл рога лося,волшебная палочка,rare,MHH,Мидгард Справочник героя
Жезл хранителя договора +2,жезл,rare,DMG,Руководство мастера
Жезл щупалец,жезл,rare,DMG,Руководство мастера
Железные ленты Биларро,чудесный предмет,rare,DMG,Руководство мастера
Жестокое оружие,оружие,rare,DMG,Руководство мастера
Жестокое оружие +1,оружие,rare,AI,Корпорация приобретений
Жетон дозора,чудесный предмет,rare,WDH,Глубоководье: Драконий Куш
Заряженные кости,чудесный предмет,rare,tP,Рукобоец
Зелье водной формы,зелье,rare,MOT,Мифические одиссеи Тероса
Зелье газообразной формы,зелье,rare,DMG,Руководство мастера
Зелье героизма,зелье,rare,DMG,Руководство мастера
Зелье контроля разума (гуманоида),зелье,rare,TftYP,Байки из Зияющего Портала
Зелье контроля разума (зверя),зелье,rare,TftYP,Байки из Зияющего Портала
Зелье максимальной мощи,зелье,rare,EGtW,Путеводитель исследователя по Дикогорью
Зелье неуязвимости,зелье,rare,DMG,Руководство мастера
Зелье отличного лечения,зелье,rare,DMG,Руководство мастера
Зелье силы каменного великана,зелье,rare,DMG,Руководство мастера
Зелье силы ледяного великана,зелье,rare,DMG,Руководство мастера
Зелье силы огненного великана,зелье,rare,DMG,Руководство мастера
Зелье уменьшения,зелье,rare,DMG,Руководство мастера
Зелье чтения мыслей,зелье,rare,DMG,Руководство мастера
Зелье ясновидения,зелье,rare,DMG,Руководство мастера
Земляная доска,чудесный предмет,rare,TDCS,Сеттинг кампании Тал`Дорей
Зеркало мудреца,чудесный предмет,rare,CoA,Цепи Асмодея
Зеркало прошлого,чудесный предмет,rare,TftYP,Байки из Зияющего Портала
Змеиный клык,рукопашное оружие,rare,CM,Тайны Кэндлкипа
Знак Лорда-Командора,чудесный предмет,rare,DoDk,Подземелья Драккенхайма
Знамя руны Криг,чудесный предмет,rare,SKT,Гром Штормового Короля
Игла починки,рукопашное оружие,rare,EGtW,Путеводитель исследователя по Дикогорью
"Инструмент бардов, лира Кли",чудесный предмет,rare,DMG,Руководство мастера
"Инструмент бардов, мандалина Канаит",чудесный предмет,rare,DMG,Руководство мастера
Инфернальный амулет,чудесный предмет,rare,CoA,Цепи Асмодея
Кагонестиский лесной саван,чудесный предмет,rare,DSotDQ,Драконье копье: Тень Королевы Драконов
Кадило контролирования воздушных элементалей,чудесный предмет,rare,DMG,Руководство мастера
Кадило фанатика,рукопашное оружие,rare,TCE,Котел Таши со всякой всячиной
"Камень Йоун, восприятие",чудесный предмет,rare,DMG,Руководство мастера
"Камень Йоун, защита",чудесный предмет,rare,DMG,Руководство мастера
"Камень Йоун, питания",чудесный предмет,rare,DMG,Руководство мастера
"Камень Йоун, резерв",чудесный предмет,rare,DMG,Руководство мастера
Камень зрения,чудесный предмет,rare,DMG,Руководство мастера
Камень контролирования земляных элементалей,чудесный предмет,rare,DMG,Руководство мастера
Камень с руной Блод,чудесный предмет,rare,SKT,Гром Штормового Короля
Кастеты хмельного нокаута,рукопашное оружие,rare,tP,Рукобоец
Кинжал драконьего зуба,рукопашное оружие,rare,RoT,Пробуждение Тиамат
Кинжал отрицания,рукопашное оружие,rare,TDCS,Сеттинг кампании Тал`Дорей
Кинжал слепого зрения,рукопашное оружие,rare,WDMM,Глубоководье: Подземелье безумного мага
Кинжал яда,рукопашное оружие,rare,DMG,Руководство мастера
Кираса Баланса,доспех,rare,BMT,Книга многих вещей
Клинок Ахерона,рукопашное оружие,rare,EGtW,Путеводитель исследователя по Дикогорью
Клинок игрока,рукопашное оружие,rare,LLK,Потерянная лаборатория Квалиша
Клинок разума,рукопашное оружие,rare,VGM,Справочник Воло по монстрам
Клинок с вкованным делериумом,рукопашное оружие,rare,DoDk,Подземелья Драккенхайма
Ковш Тромберда,чудесный предмет,rare,LPZAE,Потерянные страницы Занатара обо всем
Коготь с руной Вирм,чудесный предмет,rare,SKT,Гром Штормового Короля
Когти Искателя,чудесный предмет,rare,BGG,Бигби представляет: Триумф великанов
Когти бурого увальня,чудесный предмет,rare,PotA,Принцы апокалипсиса
Кодекс Планолога,чудесный предмет,rare,TCE,Котел Таши со всякой всячиной
Кожаный доспех голема,доспех,rare,LLK,Потерянная лаборатория Квалиша
Колода оракула,чудесный предмет,rare,BMT,Книга многих вещей
Колокольчик открывания,чудесный предмет,rare,DMG,Руководство мастера
Колотушки кающегося,рукопашное оружие,rare,tP,Рукобоец
Кольцо Накопления,кольцо,rare,CoA,Цепи Асмодея
Кольцо влияния на животных,кольцо,rare,DMG,Руководство мастера
Кольцо временного спасения,кольцо,rare,EGtW,Путеводитель исследователя по Дикогорью
Кольцо защиты,кольцо,rare,DMG,Руководство мастера
Кольцо оратора,кольцо,rare,PaBTSO,Фандельвер и Подземье: Разрушенный обелиск
Кольцо падения пёрышком,кольцо,rare,DMG,Руководство мастера
Кольцо проникающего зрения,кольцо,rare,DMG,Руководство мастера
Кольцо свободных действий,кольцо,rare,DMG,Руководство мастера
Кольцо сопротивления,кольцо,rare,DMG,Руководство мастера
Кольцо тарана,кольцо,rare,DMG,Руководство мастера
Кольцо уклонения,кольцо,rare,DMG,Руководство мастера
Кольцо хранения заклинаний,кольцо,rare,DMG,Руководство мастера
Комета в бутылке,чудесный предмет,rare,DoDk,Подземелья Драккенхайма
Концертина гуляки,чудесный предмет,rare,TCE,Котел Таши со всякой всячиной
Копье Стигии,рукопашное оружие,rare,CoA,Цепи Асмодея
Корона Несущего гнев,чудесный предмет,rare,BGG,Бигби представляет: Триумф великанов
Котел изобилия,чудесный предмет,rare,IDRotF,Долина Ледяного Ветра: Иней Морозной девы
Красивый проклёпанный доспех,доспех,rare,DMG,Руководство мастера
Краски сияющей руны,чудесный предмет,rare,BGG,Бигби представляет: Триумф великанов
Кристалический клинок,рукопашное оружие,rare,FTD,Сокровищница драконов Фицбана
Крыло дракона,дальнобойное оружие,rare,FTD,Сокровищница драконов Фицбана
Крылья полёта,чудесный предмет,rare,DMG,Руководство мастера
Крючок рыбацкого восторга,чудесный предмет,rare,IDRotF,Долина Ледяного Ветра: Иней Морозной девы
Куб силового поля,чудесный предмет,rare,DMG,Руководство мастера
Латунный  рог Валгаллы,чудесный предмет,rare,DMG,Руководство мастера
Летающая колесница,чудесный предмет,rare,MOT,Мифические одиссеи Тероса
Лира песни сирен,чудесный предмет,rare,MOT,Мифические одиссеи Тероса
Лира сотворения,чудесный предмет,rare,TCE,Котел Таши со всякой всячиной
Ловящий стрелы щит,щит,rare,DMG,Руководство мастера
Лук воспламенения,дальнобойное оружие,rare,BMT,Книга многих вещей
Лук заземления,дальнобойное оружие,rare,LPZAE,Потерянные страницы Занатара обо всем
Лук скрещенных звезд,дальнобойное оружие,rare,DoDk,Подземелья Драккенхайма
Лунный серп +2,рукопашное оружие,rare,TCE,Котел Таши со всякой всячиной
Магический гримуар +2,чудесный предмет,rare,TCE,Котел Таши со всякой всячиной
Мантия глаз,чудесный предмет,rare,DMG,Руководство мастера
Мантия лета,чудесный предмет,rare,TftYP,Байки из Зияющего Портала
Мантия плута,чудесный предмет,rare,BMT,Книга многих вещей
Мантия сопротивления заклинаниям,чудесный предмет,rare,DMG,Руководство мастера
Масло эфирности,зелье,rare,DMG,Руководство мастера
Мгновенная крепость Даэрна,чудесный предмет,rare,DMG,Руководство мастера
Медальон защиты от яда,чудесный предмет,rare,DMG,Руководство мастера
Медальон отваги,чудесный предмет,rare,tP,Рукобоец
Меч Ранения,рукопашное оружие,rare,DMG,Руководство мастера
Меч кражи жизни,рукопашное оружие,rare,DMG,Руководство мастера
Миззиевая мортира,чудесный предмет,rare,GGR,Справочник гильдмастера по Равнике
Миззиевый доспех,доспех,rare,GGR,Справочник гильдмастера по Равнике
Мимир,чудесный предмет,rare,SatO,Сигил и Внешние Земли
Мифрильный доспех +1,доспех,rare,AI,Корпорация приобретений
Молоток с руной Венн,чудесный предмет,rare,SKT,Гром Штормового Короля
Монета спуска,чудесный предмет,rare,EGtW,Путеводитель исследователя по Дикогорью
Напиток некроманта,зелье,rare,VSoS,Шпиль тайн Вальды
Наручи Асмодея,чудесный предмет,rare,CoA,Цепи Асмодея
Наручи защиты,чудесный предмет,rare,DMG,Руководство мастера
Наручи летающих кинжалов,чудесный предмет,rare,WDH,Глубоководье: Драконий Куш
Наручи стремительности,чудесный предмет,rare,PaBTSO,Фандельвер и Подземье: Разрушенный обелиск
Небесный парус,чудесный предмет,rare,TDCS,Сеттинг кампании Тал`Дорей
Нож украденного сопротивления,рукопашное оружие,rare,CoA,Цепи Асмодея
Ножницы отсекающие тени,чудесный предмет,rare,WBtW,Чащоба за Ведьминым светом
Ожерелье молитвенных чёток,чудесный предмет,rare,DMG,Руководство мастера
Ожерелье огненных шаров,чудесный предмет,rare,DMG,Руководство мастера
Океаническое оружие,оружие,rare,TDCS,Сеттинг кампании Тал`Дорей
Оковы измерений,чудесный предмет,rare,DMG,Руководство мастера
Опал с руной Ильд,чудесный предмет,rare,SKT,Гром Штормового Короля
Орлиный свисток,чудесный предмет,rare,TftYP,Байки из Зияющего Портала
Оружие +2,оружие,rare,DMG,Руководство мастера
Оружие драконьего гнева (редкое),оружие,rare,FTD,Сокровищница драконов Фицбана
Оружие неминуемой гибели,оружие,rare,EGtW,Путеводитель исследователя по Дикогорью
Осколок Царства Теней,чудесный предмет,rare,TCE,Котел Таши со всякой всячиной
Осколок внешних планов,чудесный предмет,rare,TCE,Котел Таши со всякой всячиной
Осколок дальнего предела,чудесный предмет,rare,TCE,Котел Таши со всякой всячиной
Осколок элементальной эссенции,чудесный предмет,rare,TCE,Котел Таши со всякой всячиной
Отмычка воина,чудесный предмет,rare,BMT,Книга многих вещей
Очищенная пыль делериума,чудесный предмет,rare,DoDk,Подземелья Драккенхайма
Палочка неудачного эксперимента,волшебная палочка,rare,AI,Корпорация приобретений
Пальто с воротником,чудесный предмет,rare,TDCS,Сеттинг кампании Тал`Дорей
Переносная дыра,чудесный предмет,rare,DMG,Руководство мастера
Перо Кваля,чудесный предмет,rare,DMG,Руководство мастера
Перо призыва Диатримы,чудесный предмет,rare,WDH,Глубоководье: Драконий Куш
Перстень мастера шпионажа,кольцо,rare,DoDk,Подземелья Драккенхайма
Перчатки пламенной ярости,чудесный предмет,rare,BGDIA,Врата Балдура: Нисхождение в Авернус
Перчатки ярости,чудесный предмет,rare,CoA,Цепи Асмодея
Печать управляющего,чудесный предмет,rare,DoDk,Подземелья Драккенхайма
Пивафви сопротивления огню,чудесный предмет,rare,OotA,Из Бездны
Плащ адского пса,чудесный предмет,rare,TftYP,Байки из Зияющего Портала
Плащ летучей мыши,чудесный предмет,rare,DMG,Руководство мастера
Плащ ускользания,чудесный предмет,rare,DMG,Руководство мастера
Плащ шарлатана,чудесный предмет,rare,DMG,Руководство мастера
Плетка неизбежности,рукопашное оружие,rare,TDCS,Сеттинг кампании Тал`Дорей
Плеть жертвоприношения,рукопашное оружие,rare,BGG,Бигби представляет: Триумф великанов
Плеть разума,рукопашное оружие,rare,VGM,Справочник Воло по монстрам
Подковы скорости,чудесный предмет,rare,DMG,Руководство мастера
Портфель c документами  (4-ый ранг),чудесный предмет,rare,AI,Корпорация приобретений
Посох Галфиас,посох,rare,COS,Проклятье Страда
Посох защиты,посох,rare,PaBTSO,Фандельвер и Подземье: Разрушенный обелиск
Посох из небесного металла,посох,rare,DoDk,Подземелья Драккенхайма
Посох иссушения,посох,rare,DMG,Руководство мастера
Посох костяного когтя,посох,rare,EGtW,Путеводитель исследователя по Дикогорью
Посох леса,посох,rare,DMG,Руководство мастера
Посох лечения,посох,rare,DMG,Руководство мастера
Посох очарования,посох,rare,DMG,Руководство мастера
Посох паука,посох,rare,PaBTSO,Фандельвер и Подземье: Разрушенный обелиск
Посох правления,посох,rare,QftIS,Приключений на Бесконечной лестнице
Посох роя насекомых,посох,rare,DMG,Руководство мастера
Посох укоренившихся холмов,посох,rare,BGG,Бигби представляет: Триумф великанов
Пояс дварфов,чудесный предмет,rare,DMG,Руководство мастера
Пояс из драконьей кожи +2,чудесный предмет,rare,FTD,Сокровищница драконов Фицбана
Пояс силы холмового великана,чудесный предмет,rare,DMG,Руководство мастера
Праща двух зайцев,дальнобойное оружие,rare,MOT,Мифические одиссеи Тероса
Призрачный фонарь,чудесный предмет,rare,TOA,Гробница Аннигиляции
Пронзатель,рукопашное оружие,rare,AI,Корпорация приобретений
Профессор Скант,чудесный предмет,rare,IDRotF,Долина Ледяного Ветра: Иней Морозной девы
Пузырьковая трубка игрока,чудесный предмет,rare,LLK,Потерянная лаборатория Квалиша
Разноцветная роза,чудесный предмет,rare,WBtW,Чащоба за Ведьминым светом
Разрушающий цеп,рукопашное оружие,rare,BMT,Книга многих вещей
Раскалывающая сфера Донжона,чудесный предмет,rare,BMT,Книга многих вещей
Расплавленная бронзовая кожа,доспех,rare,MOT,Мифические одиссеи Тероса
Раствор песчаника,зелье,rare,VSoS,Шпиль тайн Вальды
Резервуар с аномалией,чудесный предмет,rare,PotA,Принцы апокалипсиса
Рог Иггвилв,чудесный предмет,rare,DitLCoT,Спуск в Затерянные пещеры Цойканта
Рог бесконечного лабиринта,чудесный предмет,rare,WDMM,Глубоководье: Подземелье безумного мага
Рог взрыва,чудесный предмет,rare,DMG,Руководство мастера
Рогатина Кании,рукопашное оружие,rare,CoA,Цепи Асмодея
Рунный ключ Азориуса,чудесный предмет,rare,GGR,Справочник гильдмастера по Равнике
Рунный ключ Бороса,чудесный предмет,rare,GGR,Справочник гильдмастера по Равнике
Рунный ключ Груул,чудесный предмет,rare,GGR,Справочник гильдмастера по Равнике
Рунный ключ Иззет,чудесный предмет,rare,GGR,Справочник гильдмастера по Равнике
Рунный ключ Орзова,чудесный предмет,rare,GGR,Справочник гильдмастера по Равнике
Рунный ключ Селезнии,чудесный предмет,rare,GGR,Справочник гильдмастера по Равнике
Сапоги всадника бури,чудесный предмет,rare,TDCS,Сеттинг кампании Тал`Дорей
Сапоги извилистого пути,чудесный предмет,rare,TCE,Котел Таши со всякой всячиной
Сапоги левитации,чудесный предмет,rare,DMG,Руководство мастера
Сапоги путника,чудесный предмет,rare,BGG,Бигби представляет: Триумф великанов
Сапоги скорости,чудесный предмет,rare,DMG,Руководство мастера
Сборник защитных стихов,чудесный предмет,rare,TCE,Котел Таши со всякой всячиной
Сверкающий Лунный лук,дальнобойное оружие,rare,BMT,Книга многих вещей
Свисток призыва пса,чудесный предмет,rare,tP,Рукобоец
Свиток заклинания (4 уровень),свиток,rare,DMG,Руководство мастера
Свиток заклинания (5 уровень),свиток,rare,DMG,Руководство мастера
Свиток защиты,свиток,rare,DMG,Руководство мастера
Серебрянный рог Валгаллы,чудесный предмет,rare,DMG,Руководство мастера
Сияющий клевец,рукопашное оружие,rare,PaBTSO,Фандельвер и Подземье: Разрушенный обелиск
Скипетр святого Витрувио,посох,rare,DoDk,Подземелья Драккенхайма
Складная лодка,чудесный предмет,rare,DMG,Руководство мастера
Солнечный клинок,рукопашное оружие,rare,DMG,Руководство мастера
Солнечный молот,рукопашное оружие,rare,GGR,Справочник гильдмастера по Равнике
Солнечный посох,посох,rare,BMT,Книга многих вещей
Сосуд шепотов (3-ий ранг),чудесный предмет,rare,AI,Корпорация приобретений
Стальная коробка сжимания,чудесный предмет,rare,LPZAE,Потерянные страницы Занатара обо всем
Статуэтка чудесной силы: Бронзовый грифон,чудесный предмет,rare,DMG,Руководство мастера
Статуэтка чудесной силы: Золотые львы,чудесный предмет,rare,DMG,Руководство мастера
Статуэтка чудесной силы: Костяные козы,чудесный предмет,rare,DMG,Руководство мастера
Статуэтка чудесной силы: Мраморный слон,чудесный предмет,rare,DMG,Руководство мастера
Статуэтка чудесной силы: Ониксовая собака,чудесный предмет,rare,DMG,Руководство мастера
Статуэтка чудесной силы: Серпентиновая сова,чудесный предмет,rare,DMG,Руководство мастера
Статуэтка чудесной силы: Эбеновая муха,чудесный предмет,rare,DMG,Руководство мастера
Стрела выслеживания,аммуниция,rare,WSG,Руководство по выживанию в дикой местности
Стрелы с остриём из закалённого делериума,аммуниция,rare,DoDk,Подземелья Драккенхайма
Судья магов,рукопашное оружие,rare,TDCS,Сеттинг кампании Тал`Дорей
Сумка мерзлоты,чудесный предмет,rare,WSG,Руководство по выживанию в дикой местности
Сумка с бобами,чудесный предмет,rare,DMG,Руководство мастера
Сфера профессора,чудесный предмет,rare,WDMM,Глубоководье: Подземелье безумного мага
Счетчик костей,рукопашное оружие,rare,SDW,Пробуждение спящего дракона
Табличка телепортации,чудесный предмет,rare,CRCotN,Решающая Роль: Зов Пустоты
Таранный щит,щит,rare,EGtW,Путеводитель исследователя по Дикогорью
Татуировка защиты (редкая),чудесный предмет,rare,TCE,Котел Таши со всякой всячиной
Татуировка с клеймом Царства Теней,чудесный предмет,rare,TCE,Котел Таши со всякой всячиной
Топор берсерка,рукопашное оружие,rare,DMG,Руководство мастера
Топор дровосека,рукопашное оружие,rare,WBtW,Чащоба за Ведьминым светом
Убийца великанов,рукопашное оружие,rare,DMG,Руководство мастера
Убийца драконов,рукопашное оружие,rare,DMG,Руководство мастера
Убийца мертвецов,оружие,rare,EGtW,Путеводитель исследователя по Дикогорью
Удобный рюкзак Хеварда,чудесный предмет,rare,DMG,Руководство мастера
Уздечка захвата,чудесный предмет,rare,IMR,Воссоздание адской машины
Улучшенная защита,доспех,rare,TCE,Котел Таши со всякой всячиной
Улучшенное оружие,рукопашное оружие,rare,TCE,Котел Таши со всякой всячиной
Универсальный инструмент +2,чудесный предмет,rare,TCE,Котел Таши со всякой всячиной
Фартук мясника,чудесный предмет,rare,EGtW,Путеводитель исследователя по Дикогорью
Фиал с кровью +2,чудесный предмет,rare,TCE,Котел Таши со всякой всячиной
Филактерия святого Витрувио,чудесный предмет,rare,DoDk,Подземелья Драккенхайма
Флакон жадности,чудесный предмет,rare,CoA,Цепи Асмодея
Фокусировка затронутая драконом (редкая),чудесный предмет,rare,FTD,Сокровищница драконов Фицбана
Фокусировка из кристалла Делериума,чудесный предмет,rare,DoDk,Подземелья Драккенхайма
Фолиант души и плоти,чудесный предмет,rare,TCE,Котел Таши со всякой всячиной
Фонарь огненного друга,чудесный предмет,rare,TDCS,Сеттинг кампании Тал`Дорей
Хватающий кнут,рукопашное оружие,rare,BMT,Книга многих вещей
Хваткий кнут,рукопашное оружие,rare,tP,Рукобоец
Чаша командования водяными элементалями,чудесный предмет,rare,DMG,Руководство мастера
Череп эгоистичных знаний,чудесный предмет,rare,CoA,Цепи Асмодея
Шар с руной Стейн,чудесный предмет,rare,SKT,Гром Штормового Короля
Шлем Покровителя святых,чудесный предмет,rare,DoDk,Подземелья Драккенхайма
Шлем богов,чудесный предмет,rare,MOT,Мифические одиссеи Тероса
Шлем телепортации,чудесный предмет,rare,DMG,Руководство мастера
Щит +2,щит,rare,DMG,Руководство мастера
Щит Дальнего Взора,щит,rare,VGM,Справочник Воло по монстрам
Щит Парии,щит,rare,GGR,Справочник гильдмастера по Равнике
Щит Священного пламени,щит,rare,DoDk,Подземелья Драккенхайма
Щит ордена Серебряного дракона,щит,rare,COS,Проклятье Страда
Щит притягивания снарядов,щит,rare,DMG,Руководство мастера
Эликсир здоровья,зелье,rare,DMG,Руководство мастера
Эльфийская кольчуга,доспех,rare,DMG,Руководство мастера
Язык пламени,рукопашное оружие,rare,DMG,Руководство мастера
Абракадабрус,чудесный предмет,very-rare,IDRotF,Долина Ледяного Ветра: Иней Морозной девы
Аметистовый магнетит,чудесный предмет,very-rare,FTD,Сокровищница драконов Фицбана
Амулет Двуличия,чудесный предмет,very-rare,CoA,Цепи Асмодея
Амулет Предательства,чудесный предмет,very-rare,CoA,Цепи Асмодея
Амулет благочестия +3,чудесный предмет,very-rare,TCE,Котел Таши со всякой всячиной
Амулет планов,чудесный предмет,very-rare,DMG,Руководство мастера
Амулет чёрного черепа,чудесный предмет,very-rare,TOA,Гробница Аннигиляции
Арбалет целителя,дальнобойное оружие,very-rare,LPZAE,Потерянные страницы Занатара обо всем
Барабан задающего ритм +3,чудесный предмет,very-rare,TCE,Котел Таши со всякой всячиной
Боевая кирка камнетворца,рукопашное оружие,very-rare,BMT,Книга многих вещей
Боевое знамя войск ада,чудесный предмет,very-rare,BGDIA,Врата Балдура: Нисхождение в Авернус
Боеприпас +3,аммуниция,very-rare,DMG,Руководство мастера
Боеприпасы кровавого искателя,рукопашное оружие,very-rare,BMT,Книга многих вещей
Болты Катаклизма,аммуниция,very-rare,TDCS,Сеттинг кампании Тал`Дорей
Браслет каменной магии,чудесный предмет,very-rare,TftYP,Байки из Зияющего Портала
Бронзовый рог Валгаллы,чудесный предмет,very-rare,DMG,Руководство мастера
Бутылка с ифритом,чудесный предмет,very-rare,DMG,Руководство мастера
Волшебная отстреливающаяся рука,чудесный предмет,very-rare,ERLW,Эберрон. Из пепла Последней войны
Волшебная палочка боевого мага +3,волшебная палочка,very-rare,DMG,Руководство мастера
Волшебная палочка превращения,волшебная палочка,very-rare,DMG,Руководство мастера
Вор девяти жизней,рукопашное оружие,very-rare,DMG,Руководство мастера
Вымпел с руной Винд,чудесный предмет,very-rare,SKT,Гром Штормового Короля
Говорящий камень,чудесный предмет,very-rare,ERLW,Эберрон. Из пепла Последней войны
Громовержец,дальнобойное оружие,very-rare,BGG,Бигби представляет: Триумф великанов
Громовые кастеты,рукопашное оружие,very-rare,tP,Рукобоец
Грязевая башня,чудесный предмет,very-rare,PaBTSO,Фандельвер и Подземье: Разрушенный обелиск
Дварфский метатель,дальнобойное оружие,very-rare,DMG,Руководство мастера
Демонический доспех,доспех,very-rare,DMG,Руководство мастера
Длинный лук потерянных душ,дальнобойное оружие,very-rare,LPZAE,Потерянные страницы Занатара обо всем
Доспех +2,доспех,very-rare,DMG,Руководство мастера
Доспех антимагии,доспех,very-rare,BMT,Книга многих вещей
Доспех защиты,доспех,very-rare,BGG,Бигби представляет: Триумф великанов
Доспех из драконьей чешуи,доспех,very-rare,DMG,Руководство мастера
Доспех магической силы,доспех,very-rare,TCE,Котел Таши со всякой всячиной
Доспех наемников Хеварда,доспех,very-rare,LLK,Потерянная лаборатория Квалиша
Доспех последней битвы,доспех,very-rare,EGtW,Путеводитель исследователя по Дикогорью
Дубина забвения,рукопашное оружие,very-rare,tP,Рукобоец
Жезл адского пламени,жезл,very-rare,BMT,Книга многих вещей
Жезл бдительности,жезл,very-rare,DMG,Руководство мастера
Жезл безопасности,жезл,very-rare,DMG,Руководство мастера
Жезл поглощения,жезл,very-rare,DMG,Руководство мастера
Жезл хранителя договора +3,жезл,very-rare,DMG,Руководство мастера
Живой доспех,доспех,very-rare,ERLW,Эберрон. Из пепла Последней войны
Живой щит,щит,very-rare,DMG,Руководство мастера
Заводные доспехи,доспех,very-rare,BMT,Книга многих вещей
Запредельный механизм,чудесный предмет,very-rare,AI,Корпорация приобретений
Звездная шестерня,чудесный предмет,very-rare,AI,Корпорация приобретений
Зелье возможностей,зелье,very-rare,EGtW,Путеводитель исследователя по Дикогорью
Зелье долголетия,зелье,very-rare,DMG,Руководство мастера
Зелье живучести,зелье,very-rare,DMG,Руководство мастера
Зелье контроля разума (чудовища),зелье,very-rare,TftYP,Байки из Зияющего Портала
Зелье невидимости,зелье,very-rare,DMG,Руководство мастера
Зелье полёта,зелье,very-rare,DMG,Руководство мастера
Зелье превосходного лечения,зелье,very-rare,DMG,Руководство мастера
Зелье реанимации,зелье,very-rare,LPZAE,Потерянные страницы Занатара обо всем
Зелье силы облачного  великана,зелье,very-rare,DMG,Руководство мастера
Зелье скорости,зелье,very-rare,DMG,Руководство мастера
Зеркало бесконечной транспондерности,чудесный предмет,very-rare,TDCS,Сеттинг кампании Тал`Дорей
Зеркало отраженного прошлого,чудесный предмет,very-rare,DSotDQ,Драконье копье: Тень Королевы Драконов
Зеркало похищения жизни,чудесный предмет,very-rare,DMG,Руководство мастера
Зловещий Коготь,рукопашное оружие,very-rare,BMT,Книга многих вещей
"Инструмент бардов, арфа Анструт",чудесный предмет,very-rare,DMG,Руководство мастера
"Камень Йоун, лидерство",чудесный предмет,very-rare,DMG,Руководство мастера
"Камень Йоун, поглощение",чудесный предмет,very-rare,DMG,Руководство мастера
"Камень Йоун, проворство",чудесный предмет,very-rare,DMG,Руководство мастера
"Камень Йоун, проницательность",чудесный предмет,very-rare,DMG,Руководство мастера
"Камень Йоун, рассудок",чудесный предмет,very-rare,DMG,Руководство мастера
"Камень Йоун, сила",чудесный предмет,very-rare,DMG,Руководство мастера
"Камень Йоун, стойкость",чудесный предмет,very-rare,DMG,Руководство мастера
Камень рассеивания,чудесный предмет,very-rare,EGtW,Путеводитель исследователя по Дикогорью
Катар Рамуха,рукопашное оружие,very-rare,tP,Рукобоец
Кинжал с сердцевиной,рукопашное оружие,very-rare,TDCS,Сеттинг кампании Тал`Дорей
Кирзинова жижа,чудесный предмет,very-rare,ERLW,Эберрон. Из пепла Последней войны
Клинок Медузы,рукопашное оружие,very-rare,LLK,Потерянная лаборатория Квалиша
Клинок дурака,рукопашное оружие,very-rare,BMT,Книга многих вещей
Клинок кровопролития,рукопашное оружие,very-rare,BGG,Бигби представляет: Триумф великанов
Клинок превращения,рукопашное оружие,very-rare,LLK,Потерянная лаборатория Квалиша
Клубящийся венок,чудесный предмет,very-rare,BGG,Бигби представляет: Триумф великанов
Ковёр-самолёт,чудесный предмет,very-rare,DMG,Руководство мастера
Колода диких карт,чудесный предмет,very-rare,BMT,Книга многих вещей
Колода измерений,чудесный предмет,very-rare,BMT,Книга многих вещей
Колокольчик изгнания,чудесный предмет,very-rare,VEoR,Векна: Накануне погибели
Кольцо дружелюбия,кольцо,very-rare,BGG,Бигби представляет: Триумф великанов
Кольцо красной ярости,кольцо,very-rare,CRCotN,Решающая Роль: Зов Пустоты
Кольцо падающих звёзд,кольцо,very-rare,DMG,Руководство мастера
Кольцо предательства,кольцо,very-rare,CoA,Цепи Асмодея
Кольцо регенерации,кольцо,very-rare,DMG,Руководство мастера
Кольцо страха,кольцо,very-rare,LPZAE,Потерянные страницы Занатара обо всем
Кольцо телекинеза,кольцо,very-rare,DMG,Руководство мастера
Комета Сокрушитель,рукопашное оружие,very-rare,DoDk,Подземелья Драккенхайма
Комплект одежды лорда,чудесный предмет,very-rare,WDH,Глубоководье: Драконий Куш
Копье злословия,рукопашное оружие,very-rare,TftYP,Байки из Зияющего Портала
Кормило чарохода,чудесный предмет,very-rare,AAG,Руководство астрального приключенца
Корона стража разума,чудесный предмет,very-rare,PaBTSO,Фандельвер и Подземье: Разрушенный обелиск
Котёл перерождения,чудесный предмет,very-rare,TCE,Котел Таши со всякой всячиной
Кристаллическая хроника,чудесный предмет,very-rare,TCE,Котел Таши со всякой всячиной
Крушители магов,рукопашное оружие,very-rare,tP,Рукобоец
Латы дварфов,доспех,very-rare,DMG,Руководство мастера
Латы дымного странника,доспех,very-rare,DoDk,Подземелья Драккенхайма
Ледяной посох Джакариона,посох,very-rare,COS,Проклятье Страда
Летний танец,рукопашное оружие,very-rare,TDCS,Сеттинг кампании Тал`Дорей
Лук клятвы,дальнобойное оружие,very-rare,DMG,Руководство мастера
Лук мелодий,дальнобойное оружие,very-rare,BMT,Книга многих вещей
Лунный серп +3,рукопашное оружие,very-rare,TCE,Котел Таши со всякой всячиной
Магическая пушка,чудесный предмет,very-rare,EGtW,Путеводитель исследователя по Дикогорью
Магическая силовая броня,доспех,very-rare,TCE,Котел Таши со всякой всячиной
Магический гримуар +3,чудесный предмет,very-rare,TCE,Котел Таши со всякой всячиной
Мантия Мистраль,чудесный предмет,very-rare,BGG,Бигби представляет: Триумф великанов
Мантия звёзд,чудесный предмет,very-rare,DMG,Руководство мастера
Мантия сияющих цветов,чудесный предмет,very-rare,DMG,Руководство мастера
Маска сокола,чудесный предмет,very-rare,GGR,Справочник гильдмастера по Равнике
Масло остроты,зелье,very-rare,DMG,Руководство мастера
Махолёт полёта,чудесный предмет,very-rare,WBtW,Чащоба за Ведьминым светом
Меч Остроты,рукопашное оружие,very-rare,DMG,Руководство мастера
Меч возмездия,рукопашное оружие,very-rare,CoA,Цепи Асмодея
Меч отцов,рукопашное оружие,very-rare,GGR,Справочник гильдмастера по Равнике
Мистический посох,посох,very-rare,WBtW,Чащоба за Ведьминым светом
Мифриловая коробка сжимания,чудесный предмет,very-rare,LPZAE,Потерянные страницы Занатара обо всем
Мозговая шапка,чудесный предмет,very-rare,PaBTSO,Фандельвер и Подземье: Разрушенный обелиск
Молот рунного фокуса,рукопашное оружие,very-rare,BMT,Книга многих вещей
Морозный клинок,рукопашное оружие,very-rare,DMG,Руководство мастера
Навигационный шар,чудесный предмет,very-rare,SKT,Гром Штормового Короля
Наручи иллюзиониста,чудесный предмет,very-rare,GGR,Справочник гильдмастера по Равнике
Нетерильское кольцо защиты,кольцо,very-rare,PaBTSO,Фандельвер и Подземье: Разрушенный обелиск
Ножницы отсекающие судьбу,рукопашное оружие,very-rare,BMT,Книга многих вещей
Обувь дворянина,чудесный предмет,very-rare,LPZAE,Потерянные страницы Занатара обо всем
Оружие +3,оружие,very-rare,DMG,Руководство мастера
Оружие драконьего гнева (очень редкое),оружие,very-rare,FTD,Сокровищница драконов Фицбана
Оружие из кости демона,рукопашное оружие,very-rare,CoA,Цепи Асмодея
Оружие мучительного паралича,рукопашное оружие,very-rare,CoA,Цепи Асмодея
Оружие повеления Трона,оружие,very-rare,BMT,Книга многих вещей
Оружие разрушения силы,оружие,very-rare,BMT,Книга многих вещей
Осколок с руной Иса,чудесный предмет,very-rare,SKT,Гром Штормового Короля
Охотничье пальто,доспех,very-rare,EGtW,Путеводитель исследователя по Дикогорью
Плащ паука,чудесный предмет,very-rare,DMG,Руководство мастера
Плащ увеличения,чудесный предмет,very-rare,PaBTSO,Фандельвер и Подземье: Разрушенный обелиск
Поглощающая татуировка,чудесный предмет,very-rare,TCE,Котел Таши со всякой всячиной
Подковы ветра,чудесный предмет,very-rare,DMG,Руководство мастера
Позорный шест,чудесный предмет,very-rare,MHH,Мидгард Справочник героя
Покачивающаяся кувшинка,чудесный предмет,very-rare,WBtW,Чащоба за Ведьминым светом
Порошок реинкарнации,чудесный предмет,very-rare,EGtW,Путеводитель исследователя по Дикогорью
Портер сокрушительного удара,зелье,very-rare,tP,Рукобоец
Посох грома и молнии,посох,very-rare,DMG,Руководство мастера
Посох дюнамантии,посох,very-rare,EGtW,Путеводитель исследователя по Дикогорью
Посох мороза,посох,very-rare,DMG,Руководство мастера
Посох огня,посох,very-rare,DMG,Руководство мастера
Посох путешественника,посох,very-rare,GGR,Справочник гильдмастера по Равнике
Посох силы,посох,very-rare,DMG,Руководство мастера
Посох судьбы,посох,very-rare,CM,Тайны Кэндлкипа
Посох ударов,посох,very-rare,DMG,Руководство мастера
Пояс из драконьей кожи +3,чудесный предмет,very-rare,FTD,Сокровищница драконов Фицбана
Пояс силы каменного великана,чудесный предмет,very-rare,DMG,Руководство мастера
Пояс силы ледяного великана,чудесный предмет,very-rare,DMG,Руководство мастера
Пояс силы огненного великана,чудесный предмет,very-rare,DMG,Руководство мастера
Пояс скрытых кинжалов,чудесный предмет,very-rare,LPZAE,Потерянные страницы Занатара обо всем
Пространственная петля,чудесный предмет,very-rare,AI,Корпорация приобретений
Раковина телепортации,чудесный предмет,very-rare,SKT,Гром Штормового Короля
Рогатое кольцо,кольцо,very-rare,WDMM,Глубоководье: Подземелье безумного мага
Ротор возврата,чудесный предмет,very-rare,AI,Корпорация приобретений
Руидиевое оружие,оружие,very-rare,CRCotN,Решающая Роль: Зов Пустоты
Руидиевый доспех,доспех,very-rare,CRCotN,Решающая Роль: Зов Пустоты
Руидиевый щит,щит,very-rare,CRCotN,Решающая Роль: Зов Пустоты
Рукавицы драконоборца,чудесный предмет,very-rare,BGG,Бигби представляет: Триумф великанов
Рунный ключ Голгари,чудесный предмет,very-rare,GGR,Справочник гильдмастера по Равнике
Рунный ключ Димир,чудесный предмет,very-rare,GGR,Справочник гильдмастера по Равнике
Рыбный костюм,чудесный предмет,very-rare,AAG,Руководство астрального приключенца
Сапоги ускорения,чудесный предмет,very-rare,TDCS,Сеттинг кампании Тал`Дорей
Сапфировый баклер,щит,very-rare,FTD,Сокровищница драконов Фицбана
Свеча мольбы,чудесный предмет,very-rare,DMG,Руководство мастера
Свиток заклинания (6 уровень),свиток,very-rare,DMG,Руководство мастера
Свиток заклинания (7 уровень),свиток,very-rare,DMG,Руководство мастера
Свиток заклинания (8 уровень),свиток,very-rare,DMG,Руководство мастера
Священный амулет,чудесный предмет,very-rare,BGG,Бигби представляет: Триумф великанов
Скимитар скорости,рукопашное оружие,very-rare,DMG,Руководство мастера
Скипетр взрыва,жезл,very-rare,WDMM,Глубоководье: Подземелье безумного мага
Слиток с руной Скёльд,чудесный предмет,very-rare,SKT,Гром Штормового Короля
Снаряды Альтемоны для пращи,аммуниция,very-rare,MOT,Мифические одиссеи Тероса
Сокрушитель сумерек,рукопашное оружие,very-rare,EGtW,Путеводитель исследователя по Дикогорью
Сон Ворона,чудесный предмет,very-rare,TDCS,Сеттинг кампании Тал`Дорей
Сосуд шепотов  (4-ый ранг),чудесный предмет,very-rare,AI,Корпорация приобретений
Справочник быстроты действий,чудесный предмет,very-rare,DMG,Руководство мастера
Справочник по големам,чудесный предмет,very-rare,DMG,Руководство мастера
Справочник полезных упражнений,чудесный предмет,very-rare,DMG,Руководство мастера
Справочник телесного здоровья,чудесный предмет,very-rare,DMG,Руководство мастера
Сталь,рукопашное оружие,very-rare,WBtW,Чащоба за Ведьминым светом
Статуэтка чудесной силы: Обсидиановый скакун,чудесный предмет,very-rare,DMG,Руководство мастера
Стрела убийства,аммуниция,very-rare,DMG,Руководство мастера
Сумка пожирания,чудесный предмет,very-rare,DMG,Руководство мастера
Сфера вуали,чудесный предмет,very-rare,EGtW,Путеводитель исследователя по Дикогорью
Сфера опустошения,чудесный предмет,very-rare,PotA,Принцы апокалипсиса
Танцующий меч,рукопашное оружие,very-rare,DMG,Руководство мастера
Татуировка защиты (очень редкая),чудесный предмет,very-rare,TCE,Котел Таши со всякой всячиной
Татуировка призрачных шагов,чудесный предмет,very-rare,TCE,Котел Таши со всякой всячиной
Татуировка хорошей жизни,чудесный предмет,very-rare,TCE,Котел Таши со всякой всячиной
Ташина лодка на гусиных ножках,чудесный предмет,very-rare,DitLCoT,Спуск в Затерянные пещеры Цойканта
Тиара кружащихся комет,чудесный предмет,very-rare,BMT,Книга многих вещей
Тиарулай,рукопашное оружие,very-rare,WDMM,Глубоководье: Подземелье безумного мага
Тинкертоп Болтбластер 1000,дальнобойное оружие,very-rare,TDCS,Сеттинг кампании Тал`Дорей
Том лидерства и влияния,чудесный предмет,very-rare,DMG,Руководство мастера
Том понимания,чудесный предмет,very-rare,DMG,Руководство мастера
Том чистых мыслей,чудесный предмет,very-rare,DMG,Руководство мастера
Трезубец зова приливов,рукопашное оружие,very-rare,BMT,Книга многих вещей
Универсальный инструмент +3,чудесный предмет,very-rare,TCE,Котел Таши со всякой всячиной
Фиал с кровью +3,чудесный предмет,very-rare,TCE,Котел Таши со всякой всячиной
Фокусировка затронутая драконом (очень редкая),чудесный предмет,very-rare,FTD,Сокровищница драконов Фицбана
Хронолометр,чудесный предмет,very-rare,AI,Корпорация приобретений
Хрустальный шар,чудесный предмет,very-rare,DMG,Руководство мастера
Часы путешествия,чудесный предмет,very-rare,AI,Корпорация приобретений
Чудесные краски Нолзура,чудесный предмет,very-rare,DMG,Руководство мастера
Шлем Мэдгота,чудесный предмет,very-rare,WDMM,Глубоководье: Подземелье безумного мага
Шлем бдительности,чудесный предмет,very-rare,CM,Тайны Кэндлкипа
Шлем блеска,чудесный предмет,very-rare,DMG,Руководство мастера
Шлем командования дьяволами,чудесный предмет,very-rare,BGDIA,Врата Балдура: Нисхождение в Авернус
Шлем летающей цитадели,чудесный предмет,very-rare,DSotDQ,Драконье копье: Тень Королевы Драконов
Шлем-череп,чудесный предмет,very-rare,BMT,Книга многих вещей
Щит +3,щит,very-rare,DMG,Руководство мастера
Щит от заклинаний,щит,very-rare,DMG,Руководство мастера
Щит руны Увен,щит,very-rare,WDMM,Глубоководье: Подземелье безумного мага
Щупальце Диррна,рукопашное оружие,very-rare,ERLW,Эберрон. Из пепла Последней войны
Эльфийский метатель,рукопашное оружие,very-rare,BGG,Бигби представляет: Триумф великанов
Агония,рукопашное оружие,legendary,TDCS,Сеттинг кампании Тал`Дорей
Адамантитовая коробка сжимания,чудесный предмет,legendary,LPZAE,Потерянные страницы Занатара обо всем
Аппарат Квалиша,чудесный предмет,legendary,DMG,Руководство мастера
Арфа позолоченного изобилия,чудесный предмет,legendary,BGG,Бигби представляет: Триумф великанов
Бесконечный гримуар,чудесный предмет,legendary,EGtW,Путеводитель исследователя по Дикогорью
Броня доблестной души,доспех,legendary,TDCS,Сеттинг кампании Тал`Дорей
Бутылка заклинаний,чудесный предмет,legendary,EGtW,Путеводитель исследователя по Дикогорью
Венец колючего зрения,чудесный предмет,legendary,TDCS,Сеттинг кампании Тал`Дорей
Веретено судьбы,волшебная палочка,legendary,BMT,Книга многих вещей
Взы-взы,рукопашное оружие,legendary,WBtW,Чащоба за Ведьминым светом
Визор Данота,чудесный предмет,legendary,EGtW,Путеводитель исследователя по Дикогорью
Волна,рукопашное оружие,legendary,DMG,Руководство мастера
Высекающий Искры,рукопашное оружие,legendary,PotA,Принцы апокалипсиса
Вэйз,рукопашное оружие,legendary,TftYP,Байки из Зияющего Портала
Гамак миров,чудесный предмет,legendary,JttRC,Путешествие по Сияющей Цитадели
"Граз'чар, конец упадка",рукопашное оружие,legendary,TDCS,Сеттинг кампании Тал`Дорей
Двуручный серебряный меч,рукопашное оружие,legendary,MTF,Том Морденкайнена о врагах
Двуручный топор Гурта,рукопашное оружие,legendary,SKT,Гром Штормового Короля
Длинный лук целительного очага,дальнобойное оружие,legendary,BGG,Бигби представляет: Триумф великанов
Доспех +3,доспех,legendary,DMG,Руководство мастера
Доспех неуязвимости,доспех,legendary,DMG,Руководство мастера
Доспех хаоса,доспех,legendary,LPZAE,Потерянные страницы Занатара обо всем
Драгоценность трёх молитв,чудесный предмет,legendary,CRCotN,Решающая Роль: Зов Пустоты
Драконий посох Ахайрона,посох,legendary,WDH,Глубоководье: Драконий Куш
Драконье копьё,рукопашное оружие,legendary,FTD,Сокровищница драконов Фицбана
Еретик,рукопашное оружие,legendary,QftIS,Приключений на Бесконечной лестнице
Жезл величественной мощи,жезл,legendary,DMG,Руководство мастера
Жезл воскрешения,жезл,legendary,DMG,Руководство мастера
Железная фляга,чудесный предмет,legendary,DMG,Руководство мастера
Железный Клык,рукопашное оружие,legendary,PotA,Принцы апокалипсиса
Железный рог Валгаллы,чудесный предмет,legendary,DMG,Руководство мастера
Закладка,рукопашное оружие,legendary,TOA,Гробница Аннигиляции
Защитник,рукопашное оружие,legendary,DMG,Руководство мастера
Звездная бритва,рукопашное оружие,legendary,TDCS,Сеттинг кампании Тал`Дорей
Зелье величия дракона,зелье,legendary,FTD,Сокровищница драконов Фицбана
Зелье размеров великана,зелье,legendary,SKT,Гром Штормового Короля
Зелье силы грозового великана,зелье,legendary,DMG,Руководство мастера
"Игнасиус, меч Горящей истины",рукопашное оружие,legendary,DoDk,Подземелья Драккенхайма
"Инструмент бардов, арфа Оллава",чудесный предмет,legendary,DMG,Руководство мастера
Инфернальный набор для верховой езды,чудесный предмет,legendary,MTF,Том Морденкайнена о врагах
"Камень Йоун, большое поглощение",чудесный предмет,legendary,DMG,Руководство мастера
"Камень Йоун, мастерство",чудесный предмет,legendary,DMG,Руководство мастера
"Камень Йоун, регенерация",чудесный предмет,legendary,DMG,Руководство мастера
Кираса камнелома,доспех,legendary,BGG,Бигби представляет: Триумф великанов
Клинок Красного волшебника,рукопашное оружие,legendary,HAT,Честь среди воров
Клинок удачи,рукопашное оружие,legendary,DMG,Руководство мастера
Ключ лазутчика,чудесный предмет,legendary,EGtW,Путеводитель исследователя по Дикогорью
Колода ещё больших вещей,чудесный предмет,legendary,BMT,Книга многих вещей
Колода многих вещей,чудесный предмет,legendary,DMG,Руководство мастера
Колода некоторых вещей,чудесный предмет,legendary,LLK,Потерянная лаборатория Квалиша
Колодец многих миров,чудесный предмет,legendary,DMG,Руководство мастера
Кольцо Подражателя,кольцо,legendary,CoA,Цепи Асмодея
Кольцо командования элементалями,кольцо,legendary,DMG,Руководство мастера
Кольцо невидимости,кольцо,legendary,DMG,Руководство мастера
Кольцо отражения заклинаний,кольцо,legendary,DMG,Руководство мастера
Кольцо призыва джинна,кольцо,legendary,DMG,Руководство мастера
Кольцо трёх желаний,кольцо,legendary,DMG,Руководство мастера
Кольчуга ифритов,доспех,legendary,DMG,Руководство мастера
Компактный гамак миров,чудесный предмет,legendary,JttRC,Путешествие по Сияющей Цитадели
Кормило Поглотителя,чудесный предмет,legendary,WDMM,Глубоководье: Подземелье безумного мага
Корона Вестемара,чудесный предмет,legendary,DoDk,Подземелья Драккенхайма
Корона бехолдеров Белаширры,чудесный предмет,legendary,ERLW,Эберрон. Из пепла Последней войны
Костоломы,рукопашное оружие,legendary,tP,Рукобоец
Костяшки камня титана,чудесный предмет,legendary,TDCS,Сеттинг кампании Тал`Дорей
Крик Жнеца,рукопашное оружие,legendary,BGG,Бигби представляет: Триумф великанов
Крысиный укус,рукопашное оружие,legendary,tP,Рукобоец
Куб врат,чудесный предмет,legendary,DMG,Руководство мастера
Лазурное лезвие,рукопашное оружие,legendary,WDH,Глубоководье: Драконий Куш
Латный доспех эфирности,доспех,legendary,DMG,Руководство мастера
Латы Мученицы Рассвета,доспех,legendary,TDCS,Сеттинг кампании Тал`Дорей
Лунный клинок,рукопашное оружие,legendary,DMG,Руководство мастера
Мантия архимага,чудесный предмет,legendary,DMG,Руководство мастера
Маска Белого Дракона,чудесный предмет,legendary,RTS,Дополнение к Восстанию Тиамат 
Маска Зеленого Дракона,чудесный предмет,legendary,RTS,Дополнение к Восстанию Тиамат 
Маска Красного Дракона,чудесный предмет,legendary,RTS,Дополнение к Восстанию Тиамат 
Маска Синего Дракона,чудесный предмет,legendary,RTS,Дополнение к Восстанию Тиамат 
Маска чёрного дракона,чудесный предмет,legendary,HotDQ,Клад Королевы Драконов
Маска шута,чудесный предмет,legendary,BMT,Книга многих вещей
Маталоток,рукопашное оружие,legendary,BGDIA,Врата Балдура: Нисхождение в Авернус
Маяк Люксона,чудесный предмет,legendary,EGtW,Путеводитель исследователя по Дикогорью
Меч Головоруб,рукопашное оружие,legendary,DMG,Руководство мастера
Меч Ответа,рукопашное оружие,legendary,DMG,Руководство мастера
Меч Планов,рукопашное оружие,legendary,BMT,Книга многих вещей
Меч гибели,рукопашное оружие,legendary,IMR,Воссоздание адской машины
Мифаллар Итрина,чудесный предмет,legendary,IDRotF,Долина Ледяного Ветра: Иней Морозной девы
Молот грома,рукопашное оружие,legendary,DMG,Руководство мастера
Непенф,рукопашное оружие,legendary,VRGR,Руководство ван Рихтена по Равенлофту
Непостижимый посох,посох,legendary,DoDk,Подземелья Драккенхайма
Несущая Рассвет,рукопашное оружие,legendary,OotA,Из Бездны
Несущая ночь,рукопашное оружие,legendary,MCV2DC,"Компендиум чудовищ, Том 2: Существа драконьего копья"
Нетерильский свиток Азумара,свиток,legendary,CM,Тайны Кэндлкипа
Оберег Смертоходца,доспех,legendary,TDCS,Сеттинг кампании Тал`Дорей
Обмотки Диамака,чудесный предмет,legendary,TDCS,Сеттинг кампании Тал`Дорей
Обсидианово-кремневые латы дракона,доспех,legendary,BGDIA,Врата Балдура: Нисхождение в Авернус
Оружие драконьего гнева (легендарное),оружие,legendary,FTD,Сокровищница драконов Фицбана
Оружие хаоса,оружие,legendary,LPZAE,Потерянные страницы Занатара обо всем
Осудитель,дальнобойное оружие,legendary,TDCS,Сеттинг кампании Тал`Дорей
Перст ветра,рукопашное оружие,legendary,PotA,Принцы апокалипсиса
Перчатки ловли душ,чудесный предмет,legendary,CM,Тайны Кэндлкипа
Пиксида Пандемония,чудесный предмет,legendary,MOT,Мифические одиссеи Тероса
Платиновый шарф,чудесный предмет,legendary,FTD,Сокровищница драконов Фицбана
Плащ невидимости,чудесный предмет,legendary,DMG,Руководство мастера
Погибель вампиров,рукопашное оружие,legendary,AW,Архетипы воина
Погибель заговорщика,чудесный предмет,legendary,TDCS,Сеттинг кампании Тал`Дорей
Погребальный молот,рукопашное оружие,legendary,TDCS,Сеттинг кампании Тал`Дорей
Покров вредителей,чудесный предмет,legendary,EGtW,Путеводитель исследователя по Дикогорью
Последний рубеж Чести,щит,legendary,TDCS,Сеттинг кампании Тал`Дорей
Посох cилы Контаминации,посох,legendary,DoDk,Подземелья Драккенхайма
Посох Повелителя разума,посох,legendary,LPZAE,Потерянные страницы Занатара обо всем
Посох магов,посох,legendary,DMG,Руководство мастера
Посох тут-там,посох,legendary,HAT,Честь среди воров
Поцелуй Вестницы Перемен,чудесный предмет,legendary,TDCS,Сеттинг кампании Тал`Дорей
Пояс силы облачного великана,чудесный предмет,legendary,DMG,Руководство мастера
Пояс силы штормового великана,чудесный предмет,legendary,DMG,Руководство мастера
Превосходный клей,чудесный предмет,legendary,DMG,Руководство мастера
Радужный венец,чудесный предмет,legendary,EGtW,Путеводитель исследователя по Дикогорью
Разрушитель мифов,рукопашное оружие,legendary,TDCS,Сеттинг кампании Тал`Дорей
Рассекатель орков,рукопашное оружие,legendary,PotA,Принцы апокалипсиса
Ритуальный нож Ракдосов,рукопашное оружие,legendary,GGR,Справочник гильдмастера по Равнике
Рог манящей смерти,чудесный предмет,legendary,HAT,Честь среди воров
Рубин плетения,чудесный предмет,legendary,FTD,Сокровищница драконов Фицбана
Свиток заклинания (9 уровень),свиток,legendary,DMG,Руководство мастера
Свиток кометы,свиток,legendary,IDRotF,Долина Ледяного Ветра: Иней Морозной девы
Свиток призыва тараска,свиток,legendary,IDRotF,Долина Ледяного Ветра: Иней Морозной девы
Святой мститель,рукопашное оружие,legendary,DMG,Руководство мастера
Святой символ Равенкинд,чудесный предмет,legendary,COS,Проклятье Страда
Силовая броня,доспех,legendary,LLK,Потерянная лаборатория Квалиша
Символ Равенлофта,чудесный предмет,legendary,COS,Проклятье Страда
Скарабей защиты,чудесный предмет,legendary,DMG,Руководство мастера
Скипетр Королнора,чудесный предмет,legendary,SKT,Гром Штормового Короля
Скрижаль воскрешения,чудесный предмет,legendary,HAT,Честь среди воров
Сокрушитель,рукопашное оружие,legendary,DMG,Руководство мастера
Солнечный меч,рукопашное оружие,legendary,COS,Проклятье Страда
Статуэтка чудесной силы золотой канарейки,чудесный предмет,legendary,FTD,Сокровищница драконов Фицбана
Сумрачная жемчужина,чудесный предмет,legendary,EGtW,Путеводитель исследователя по Дикогорью
Сфера Скорауса,чудесный предмет,legendary,BGG,Бигби представляет: Триумф великанов
Сфера аннигиляции,чудесный предмет,legendary,DMG,Руководство мастера
Табличка из черного кристалла,чудесный предмет,legendary,WDMM,Глубоководье: Подземелье безумного мага
Таларит,чудесный предмет,legendary,BAM,Астральный зверинец Бу
Талисман абсолютного зла,чудесный предмет,legendary,DMG,Руководство мастера
Талисман сферы,чудесный предмет,legendary,DMG,Руководство мастера
Талисман чистого добра,чудесный предмет,legendary,DMG,Руководство мастера
Татуировка кровавой ярости,чудесный предмет,legendary,TCE,Котел Таши со всякой всячиной
Телескопический транспортёр,чудесный предмет,legendary,BMT,Книга многих вещей
Том молчаливого языка,чудесный предмет,legendary,DMG,Руководство мастера
Топазовый аннигилятор,дальнобойное оружие,legendary,FTD,Сокровищница драконов Фицбана
Топитель,рукопашное оружие,legendary,PotA,Принцы апокалипсиса
Универсальный растворитель,чудесный предмет,legendary,DMG,Руководство мастера
Утерянная корона Безилмеров,чудесный предмет,legendary,PotA,Принцы апокалипсиса
Фентрас,дальнобойное оружие,legendary,TDCS,Сеттинг кампании Тал`Дорей
Флюгер Сумеречного света,чудесный предмет,legendary,WBtW,Чащоба за Ведьминым светом
Фокусировка затронутая драконом (легендарная),чудесный предмет,legendary,FTD,Сокровищница драконов Фицбана
Хазирун,рукопашное оружие,legendary,HotDQ,Клад Королевы Драконов
Храмовый пожиратель,рукопашное оружие,legendary,BGDIA,Врата Балдура: Нисхождение в Авернус
Хрустальный шар истинного зрения,чудесный предмет,legendary,DMG,Руководство мастера
Хрустальный шар телепатии,чудесный предмет,legendary,DMG,Руководство мастера
Хрустальный шар чтения мыслей,чудесный предмет,legendary,DMG,Руководство мастера
Цеп Тиамат,рукопашное оружие,legendary,FTD,Сокровищница драконов Фицбана
Цеп силы,рукопашное оружие,legendary,LPZAE,Потерянные страницы Занатара обо всем
Часы Сумеречного света,чудесный предмет,legendary,WBtW,Чащоба за Ведьминым светом
Чёрный клинок,рукопашное оружие,legendary,DMG,Руководство мастера
Чёрный посох,посох,legendary,WDH,Глубоководье: Драконий Куш
Шиповник,рукопашное оружие,legendary,LPZAE,Потерянные страницы Занатара обо всем
Шкура дикого стража,доспех,legendary,EGtW,Путеводитель исследователя по Дикогорью
Шлем разъединения,чудесный предмет,legendary,HAT,Честь среди воров
Шпиль Слияния,посох,legendary,TDCS,Сеттинг кампании Тал`Дорей
Штормовой пояс,чудесный предмет,legendary,EGtW,Путеводитель исследователя по Дикогорью
Шёпот,рукопашное оружие,legendary,TDCS,Сеттинг кампании Тал`Дорей
Щит пылающего дредноута,щит,legendary,BGG,Бигби представляет: Триумф великанов
Щит скрытого лорда,щит,legendary,BGDIA,Врата Балдура: Нисхождение в Авернус
Эгида Эвриаллы,щит,legendary,BMT,Книга многих вещей
Адская машина Лума Безумного,чудесный предмет,artifact,IMR,Воссоздание адской машины
"Акмон, молот Пирфора",рукопашное оружие,artifact,MOT,Мифические одиссеи Тероса
Амулет Преисподней,чудесный предмет,artifact,CoA,Цепи Асмодея
Башня из кованого железа,рукопашное оружие,artifact,CoA,Цепи Асмодея
Бич тени,рукопашное оружие,artifact,CoA,Цепи Асмодея
Благотворный браслет Бигби,чудесный предмет,artifact,BGG,Бигби представляет: Триумф великанов
Булава черной короны,рукопашное оружие,artifact,EGtW,Путеводитель исследователя по Дикогорью
Воля когтя,рукопашное оружие,artifact,EGtW,Путеводитель исследователя по Дикогорью
Глаз и рука Векны,чудесный предмет,artifact,DMG,Руководство мастера
"Декелла, двузубец Тассы",рукопашное оружие,artifact,MOT,Мифические одиссеи Тероса
Демономикон Иггвильв,чудесный предмет,artifact,TCE,Котел Таши со всякой всячиной
Драакхорн,чудесный предмет,artifact,RoT,Пробуждение Тиамат
Жезл семи частей,жезл,artifact,VEoR,Векна: Накануне погибели
Зубы Дальвер-Нара,чудесный предмет,artifact,TCE,Котел Таши со всякой всячиной
Камень Голорра,чудесный предмет,artifact,WDH,Глубоководье: Драконий Куш
Камень Погибели,чудесный предмет,artifact,DC,Божественные разногласия
Клинок Авернуса,рукопашное оружие,artifact,BGDIA,Врата Балдура: Нисхождение в Авернус
Клинок разбитых зеркал,рукопашное оружие,artifact,EGtW,Путеводитель исследователя по Дикогорью
Книга восторженных деяний,чудесный предмет,artifact,DMG,Руководство мастера
Книга мерзкой тьмы,чудесный предмет,artifact,DMG,Руководство мастера
Кольцо зимы,кольцо,artifact,TOA,Гробница Аннигиляции
Корона лжи,чудесный предмет,artifact,VEoR,Векна: Накануне погибели
Котел Иггвильв,чудесный предмет,artifact,WBtW,Чащоба за Ведьминым светом
Кровавая смерть,рукопашное оружие,artifact,EGtW,Путеводитель исследователя по Дикогорью
Любина тарокка душ,чудесный предмет,artifact,TCE,Котел Таши со всякой всячиной
Маска королевы драконов,чудесный предмет,artifact,RoT,Пробуждение Тиамат
"Мастикс, кнут Эреба",рукопашное оружие,artifact,MOT,Мифические одиссеи Тероса
Меч Зариэль,рукопашное оружие,artifact,BGDIA,Врата Балдура: Нисхождение в Авернус
Меч Каса,рукопашное оружие,artifact,DMG,Руководство мастера
Могучий слуга Леук-о,чудесный предмет,artifact,TCE,Котел Таши со всякой всячиной
Око дракона,чудесный предмет,artifact,DMG,Руководство мастера
Осколки Истинного льда,рукопашное оружие,artifact,CoA,Цепи Асмодея
Палочка Оркуса,волшебная палочка,artifact,DMG,Руководство мастера
Планетарий странника,чудесный предмет,artifact,AI,Корпорация приобретений
Плеть теней,рукопашное оружие,artifact,EGtW,Путеводитель исследователя по Дикогорью
Ползучий молотильщик,рукопашное оружие,artifact,EGtW,Путеводитель исследователя по Дикогорью
Посох Забытого,посох,artifact,TOA,Гробница Аннигиляции
Рансер пыток,рукопашное оружие,artifact,CoA,Цепи Асмодея
Рубиновый жезл Асмодея,жезл,artifact,CoA,Цепи Асмодея
Сеющий разорение,рукопашное оружие,artifact,EGtW,Путеводитель исследователя по Дикогорью
Ступа и Пестик Бабы Яги,чудесный предмет,artifact,TCE,Котел Таши со всякой всячиной
Тесло Аннама,рукопашное оружие,artifact,BGG,Бигби представляет: Триумф великанов
Топор владык дварфов,рукопашное оружие,artifact,DMG,Руководство мастера
Трон драконьих черепов,чудесный предмет,artifact,SKT,Гром Штормового Короля
Трость Рао,чудесный предмет,artifact,TCE,Котел Таши со всякой всячиной
Учет и оценка всего сущего,чудесный предмет,artifact,CoA,Цепи Асмодея
"Хрусор, копьё Гелиода",рукопашное оружие,artifact,MOT,Мифические одиссеи Тероса
Чудесный фонарь Дауда,чудесный предмет,artifact,QftIS,Приключений на Бесконечной лестнице
Шелковая ненависть,рукопашное оружие,artifact,EGtW,Путеводитель исследователя по Дикогорью
Шлем совершенного потенциала,чудесный предмет,artifact,BGG,Бигби представляет: Триумф великанов
"Эфиксис, лук Нилеи",дальнобойное оружие,artifact,MOT,Мифические одиссеи Тероса
Доисторические фигурки чудесной силы,чудесный предмет,varies,BGG,Бигби представляет: Триумф великанов
Драконий сосуд,чудесный предмет,varies,FTD,Сокровищница драконов Фицбана
Живая сумка с добычей,чудесный предмет,varies,AI,Корпорация приобретений
Зачарованные чернила,зелье,varies,tP,Рукобоец
Зелье силы великана,зелье,varies,DMG,Руководство мастера
Инструмент бардов,чудесный предмет,varies,DMG,Руководство мастера
Камень Йоун,чудесный предмет,varies,DMG,Руководство мастера
Кожаный камзол,чудесный предмет,varies,tP,Рукобоец
Колода сдающего судьбу,чудесный предмет,varies,BMT,Книга многих вещей
Кристалл разума,чудесный предмет,varies,PaBTSO,Фандельвер и Подземье: Разрушенный обелиск
Кумпур отваги,чудесный предмет,varies,BMT,Книга многих вещей
Печатка мудреца,аммуниция,varies,BMT,Книга многих вещей
Пояс силы великана,чудесный предмет,varies,DMG,Руководство мастера
Рог Валгаллы,чудесный предмет,varies,DMG,Руководство мастера
Самоцвет заклинаний,чудесный предмет,varies,OotA,Из Бездны
Статуэтка чудесной силы,чудесный предмет,varies,DMG,Руководство мастера
Счеты оккультиста,чудесный предмет,varies,AI,Корпорация приобретений
Татуировка заклинания,чудесный предмет,varies,TCE,Котел Таши со всякой всячиной
Украшенный клёпками ошейник,чудесный предмет,varies,tP,Рукобоец
Фокусировка затронутая драконом,чудесный предмет,varies,FTD,Сокровищница драконов Фицбана
Хранитель портфолио,чудесный предмет,varies,AI,Корпорация приобретений
Чароткань,чудесный предмет,varies,ERLW,Эберрон. Из пепла Последней войны
Чешуйчатый орнамент,чудесный предмет,varies,FTD,Сокровищница драконов Фицбана
Шипастый ошейник,чудесный предмет,varies,tP,Рукобоец
